number_of_bedrooms,listing_type,receita_mediana,receita_media,diaria_mediana,ocupacao_mediana,n_listings
4,casa,58327.0,97743.08333333333,1000.0,0.44711538461538464,12
4,apartamento,57363.91665,80510.08084852941,987.5,0.44230769230769235,68
3,apartamento,39467.79165,43060.430811692306,660.0,0.4134615384615385,390
1,apartamento,33987.83335,34227.98551396227,427.0,0.27403846153846156,106
3,casa,30481.91665,32364.07823285714,550.0,0.44711538461538464,14
2,apartamento,26917.3334,33668.219736366365,464.0,0.4326923076923077,333
2,casa,21216.0,23282.315198235297,350.0,0.5576923076923077,17
1,casa,15088.53334,21173.073016190476,369.0,0.46153846153846156,21
1,outros,9432.75,10654.875,155.0,0.4567307692307693,16
